index,cv__ngram_range,cv__stop_words,cv__strip_accents,accuracy,cv_stop_words,cv_ngram_range,cv_strip_accents,cv,rfc,etc,cv__min_df,knn__n_neighbors,knn__p,knn__weights,cv_min_df,knn_n_neighbors,knn_weights,knn_p,knn,lr,etc__criterion,etc__min_samples_leaf,etc__min_samples_split,etc__n_estimators,etc_min_samples_split,etc_n_estimators,etc_min_samples_leaf,etc_criterion,rfc__criterion,rfc__min_samples_leaf,rfc__min_samples_split,rfc__n_estimators,rfc_min_samples_split,rfc_n_estimators,rfc_min_samples_leaf,rfc_criterion
10.0,"(1, 2)",english,,0.993506,"[[ulpt, lpt], english]","[(1, 2), (3, 3), (2, 3)]",,CountVectorizer(),,,10.0,,,,"[1, 5, 10]",,,,,"LogisticRegression(max_iter=10000, n_jobs=-1, ...",,,,,,,,,,,,,,,,
4.0,"(1, 2)","[ulpt, lpt]",unicode,0.832792,"[[ulpt, lpt]]","[(1, 2), (1, 3)]","[ascii, unicode]",CountVectorizer(),,,1e-06,,,,"[1e-06, 1e-05, 0.0001, 0.001, 0.01, 0.1]",,,,,"LogisticRegression(max_iter=10000, n_jobs=-1, ...",,,,,,,,,,,,,,,,
6.0,"(1, 2)","[ulpt, lpt]",unicode,0.832792,"[[ulpt, lpt]]","[(1, 2), (1, 3)]","[ascii, unicode]",CountVectorizer(),,,0.0,,,,"[0, 1]",,,,,"LogisticRegression(max_iter=10000, n_jobs=-1, ...",,,,,,,,,,,,,,,,
7.0,"(1, 2)","[ulpt, lpt]",unicode,0.832792,"[[ulpt, lpt]]","[(1, 2), (1, 3)]","[ascii, unicode]",CountVectorizer(),,,1.0,,,,"[1, 5, 10]",,,,,"LogisticRegression(max_iter=10000, n_jobs=-1, ...",,,,,,,,,,,,,,,,
8.0,"(1, 2)","[ulpt, lpt]",,0.832792,"[[ulpt, lpt], (bill, becoming, each, i, de, so...","[(1, 2), (1, 3)]",,CountVectorizer(),,,1.0,,,,"[1, 5, 10]",,,,,"LogisticRegression(max_iter=10000, n_jobs=-1, ...",,,,,,,,,,,,,,,,
11.0,"(1, 2)","[ulpt, lpt]",,0.832792,"[[ulpt, lpt]]","[(1, 2), (3, 3), (2, 3)]",,CountVectorizer(),,,1.0,,,,"[1, 5, 10]",,,,,"LogisticRegression(max_iter=10000, n_jobs=-1, ...",,,,,,,,,,,,,,,,
9.0,"(1, 3)","[ulpt, lpt]",,0.831981,"[[ulpt, lpt]]","[(1, 1), (2, 2), (1, 3)]",,CountVectorizer(),,,1.0,,,,"[1, 5, 10]",,,,,"LogisticRegression(max_iter=10000, n_jobs=-1, ...",,,,,,,,,,,,,,,,
1.0,"(1, 1)","[ulpt, lpt]",ascii,0.821834,"[[ulpt, lpt], (bill, becoming, each, i, de, so...","[(1, 1), (1, 2), (1, 3), (2, 2), (2, 3), (3, 3)]","[ascii, unicode]",CountVectorizer(),,ExtraTreesClassifier(),,,,,,,,,,,,,,,,,,,,,,,,,,
0.0,"(1, 1)","[ulpt, lpt]",unicode,0.819805,"[[ulpt, lpt], (bill, becoming, each, i, de, so...","[(1, 1), (1, 2), (1, 3), (2, 2), (2, 3), (3, 3)]","[ascii, unicode]",CountVectorizer(),RandomForestClassifier(),,,,,,,,,,,,,,,,,,,,,,,,,,,
2.0,"(1, 2)","[ulpt, lpt]",ascii,0.767857,"[[ulpt, lpt], (bill, becoming, each, i, de, so...","[(1, 2), (1, 3)]","[ascii, unicode]",CountVectorizer(),,,0.1,20.0,1.0,uniform,"[1e-06, 1e-05, 0.0001, 0.001, 0.01, 0.1]","[1, 5, 10, 20]","[uniform, distance]","[1, 2]",KNeighborsClassifier(),,,,,,,,,,,,,,,,,
5.0,"(1, 3)","[ulpt, lpt]",unicode,0.755276,"[[ulpt, lpt], (bill, becoming, each, i, de, so...","[(1, 2), (1, 3)]","[ascii, unicode]",CountVectorizer(),,,100.0,,,,"[0, 5, 10, 100]",,,,KNeighborsClassifier(),,,,,,,,,,,,,,,,,
3.0,"(1, 2)","(bill, becoming, each, i, de, sometimes, he, t...",ascii,0.754464,"[[ulpt, lpt], (bill, becoming, each, i, de, so...","[(1, 2), (1, 3)]","[ascii, unicode]",CountVectorizer(),,,0.1,,,,"[1e-06, 1e-05, 0.0001, 0.001, 0.01, 0.1]",,,,KNeighborsClassifier(),,,,,,,,,,,,,,,,,
,"(1, 1)","['ulpt', 'lpt']",ascii,0.817775974025974,"[['ulpt', 'lpt']]","[(1, 1)]",['ascii'],CountVectorizer(),,ExtraTreesClassifier(),,,,,,,,,,,gini,1.0,10.0,150.0,"[2, 5, 10, 50]","[100, 150, 200]","[1, 5, 20]","['gini', 'entropy']",,,,,,,,
,"(1, 1)","['ulpt', 'lpt']",unicode,0.8129058441558441,"[['ulpt', 'lpt']]","[(1, 1)]",['unicode'],CountVectorizer(),RandomForestClassifier(),,,,,,,,,,,,,,,,,,,,entropy,1.0,5.0,100.0,"[2, 5, 10, 50]","[100, 150, 200]","[1, 5, 20]","['gini', 'entropy']"
,"(1, 1)","['ulpt', 'lpt']",ascii,0.8193993506493507,"[['ulpt', 'lpt']]","[(1, 1)]",['ascii'],CountVectorizer(),,ExtraTreesClassifier(),,,,,,,,,,,,1.0,5.0,100.0,"[2, 5, 10, 50]","[100, 150, 200]","[1, 5, 20]",,,,,,,,,
,"(1, 1)","['ulpt', 'lpt']",unicode,0.8157467532467533,"[['ulpt', 'lpt']]","[(1, 1)]",['unicode'],CountVectorizer(),RandomForestClassifier(),,,,,,,,,,,,,,,,,,,,,1.0,5.0,150.0,"[2, 5, 10, 50]","[100, 150, 200]","[1, 5, 20]",
,"(1, 1)","['ulpt', 'lpt']",unicode,0.8112824675324676,"[['ulpt', 'lpt'], frozenset({'should', 'must', 'around', 'by', 'others', 'beside', 'else', 'while', 'namely', 'nobody', 'ten', 'whither', 'among', 'hundred', 'perhaps', 'neither', 'hereby', 'four', 'everyone', 'some', 'same', 'nor', 'two', 'fifteen', 'keep', 'another', 'except', 'thin', 'hereafter', 'cant', 'otherwise', 'any', 'well', 'interest', 'bottom', 'if', 'un', 'someone', 'whereupon', 'hereupon', 'anyway', 'find', 'myself', 'de', 'amount', 'own', 'in', 'always', 'above', 'our', 'were', 'who', 'but', 'most', 'i', 'seem', 'twenty', 'again', 'yourself', 'first', 'at', 'towards', 'moreover', 'become', 'have', 'formerly', 'show', 'thus', 'go', 'upon', 'out', 'few', 'put', 'even', 'back', 'whatever', 'hers', 'toward', 'sincere', 'because', 'how', 'am', 'whenever', 'further', 'too', 'may', 'becomes', 'so', 'from', 'beforehand', 'during', 'within', 'over', 'ltd', 'there', 'when', 'until', 'full', 'where', 'him', 'per', 'part', 'nothing', 'is', 'an', 'often', 'made', 'next', 'former', 'do', 'last', 'rather', 'system', 'herself', 'since', 'along', 'therein', 'being', 'against', 'more', 'this', 'still', 'on', 'anyhow', 'side', 'thru', 'ie', 'never', 'five', 'off', 'call', 'less', 'these', 'ulpt', 'or', 'fill', 'due', 'whether', 'together', 'alone', 'however', 'eg', 'your', 'whereas', 'amoungst', 'hence', 're', 'under', 'down', 'one', 'fire', 'whole', 'those', 'much', 'whoever', 'seeming', 'a', 'thereby', 'via', 'each', 'therefore', 'me', 'yours', 'of', 'into', 'see', 'describe', 'cannot', 'amongst', 'whereby', 'serious', 'with', 'also', 'very', 'seemed', 'anywhere', 'couldnt', 'them', 'anything', 'through', 'lpt', 'yet', 'anyone', 'move', 'third', 'afterwards', 'wherein', 'top', 'nowhere', 'whom', 'than', 'empty', 'themselves', 'something', 'behind', 'himself', 'why', 'would', 'take', 'will', 'twelve', 'and', 'it', 'hasnt', 'here', 'their', 'about', 'front', 'somehow', 'detail', 'wherever', 'for', 'nine', 'found', 'herein', 'what', 'many', 'once', 'indeed', 'bill', 'such', 'fifty', 'becoming', 'throughout', 'enough', 'not', 'both', 'no', 'besides', 'between', 'everything', 'could', 'are', 'all', 'you', 'whence', 'eleven', 'which', 'none', 'the', 'either', 'her', 'forty', 'sometimes', 'whose', 'though', 'six', 'etc', 'his', 'nevertheless', 'several', 'became', 'mine', 'as', 'although', 'ever', 'everywhere', 'other', 'three', 'we', 'elsewhere', 'noone', 'below', 'beyond', 'latter', 'sixty', 'had', 'been', 'cry', 'its', 'somewhere', 'mill', 'ours', 'she', 'thereafter', 'after', 'onto', 'latterly', 'itself', 'now', 'has', 'yourselves', 'please', 'thereupon', 'can', 'every', 'before', 'least', 'name', 'to', 'seems', 'co', 'inc', 'eight', 'be', 'sometime', 'that', 'across', 'my', 'up', 'meanwhile', 'whereafter', 'without', 'con', 'almost', 'done', 'get', 'ourselves', 'us', 'was', 'might', 'they', 'then', 'thence', 'thick', 'mostly', 'only', 'already', 'he', 'give'})]","[(1, 1), (1, 2), (1, 3), (2, 2), (2, 3), (3, 3)]","['ascii', 'unicode']",CountVectorizer(),RandomForestClassifier(),,,,,,,,,,,,,,,,,,,,,,,,,,,
